time,latitude,longitude,altitude,vn,ve,hdop,satellites
36571.000,33.606975,73.100070,503.200,0.000,0.000,0.780,11
36572.000,33.606976,73.100070,503.300,0.000,0.000,0.780,11
36573.000,33.606976,73.100069,503.300,0.000,0.000,0.780,11
36574.000,33.606976,73.100069,503.400,0.000,0.000,0.780,11
36575.000,33.606976,73.100069,503.400,0.000,0.000,0.780,11
36576.000,33.606977,73.100069,503.400,0.000,0.000,0.780,11
36577.000,33.606977,73.100069,503.400,0.000,0.000,0.780,11
36578.000,33.606977,73.100069,503.300,0.000,0.000,0.780,11
36579.000,33.606978,73.100069,503.300,0.000,0.000,0.780,11
36580.000,33.606978,73.100069,503.200,0.000,0.000,0.780,11
36581.000,33.606978,73.100069,503.200,0.000,0.000,0.780,11
36582.000,33.606978,73.100069,503.200,0.000,0.000,0.780,11
36583.000,33.606978,73.100069,503.100,0.000,0.000,0.780,11
36584.000,33.606978,73.100069,503.200,0.000,0.000,0.780,11
36585.000,33.606978,73.100069,503.200,0.000,0.000,0.780,11
36586.000,33.606978,73.100069,503.100,0.000,0.000,0.780,11
36587.000,33.606978,73.100069,503.200,0.000,0.000,0.780,11
36588.000,33.606978,73.100069,503.100,0.000,0.000,0.780,11
36589.000,33.606978,73.100069,503.100,0.000,0.000,0.780,11
36590.000,33.606978,73.100069,503.100,0.000,0.000,0.780,11
36591.000,33.606978,73.100069,503.100,0.000,0.000,0.780,11
36592.000,33.606978,73.100069,503.100,0.000,0.000,0.780,11
36593.000,33.606978,73.100069,503.100,0.000,0.000,0.780,11
36594.000,33.606978,73.100069,503.100,0.000,0.000,0.780,11
36595.000,33.606977,73.100069,503.200,0.000,0.000,0.780,11
36596.000,33.606977,73.100069,503.200,0.000,0.000,0.780,11
36597.000,33.606977,73.100069,503.200,0.000,0.000,0.780,11
36598.000,33.606977,73.100068,503.200,0.000,0.000,0.780,11
36599.000,33.606977,73.100068,503.200,0.000,0.000,0.780,11
36600.000,33.606977,73.100068,503.200,0.000,0.000,0.780,11
36601.000,33.606977,73.100068,503.200,0.000,0.000,0.780,11
36602.000,33.606977,73.100068,503.200,0.000,0.000,0.780,11
36603.000,33.606977,73.100068,503.200,0.000,0.000,0.780,11
36604.000,33.606977,73.100068,503.200,0.000,0.000,0.780,11
36605.000,33.606977,73.100068,503.200,0.000,0.000,0.780,11
36606.000,33.606977,73.100068,503.200,0.000,0.000,0.780,11
36607.000,33.606977,73.100068,503.300,0.000,0.000,0.780,11
36608.000,33.606977,73.100068,503.300,0.000,0.000,0.780,11
36609.000,33.606977,73.100068,503.300,0.000,0.000,0.780,11
36610.000,33.606978,73.100068,503.300,0.000,0.000,0.780,11
36611.000,33.606978,73.100068,503.300,0.000,0.000,0.780,11
36612.000,33.606978,73.100068,503.300,0.000,0.000,0.780,11
36613.000,33.606978,73.100068,503.300,0.000,0.000,0.780,11
36614.000,33.606978,73.100068,503.300,0.000,0.000,0.780,11
36615.000,33.606978,73.100068,503.300,0.000,0.000,0.780,11
36616.000,33.606978,73.100068,503.300,0.000,0.000,0.780,11
36617.000,33.606978,73.100068,503.200,0.000,0.000,0.780,11
36618.000,33.606978,73.100068,503.200,0.000,0.000,0.780,11
36619.000,33.606978,73.100068,503.200,0.000,0.000,0.780,11
36620.000,33.606978,73.100068,503.300,0.000,0.000,0.780,11
36621.000,33.606978,73.100068,503.300,0.000,0.000,0.780,11
36622.000,33.606978,73.100068,503.300,0.000,0.000,0.780,11
36623.000,33.606978,73.100068,503.300,0.000,0.000,0.780,11
36624.000,33.606978,73.100068,503.300,0.000,0.000,0.780,11
36625.000,33.606978,73.100068,503.400,0.000,0.000,0.780,11
36626.000,33.606978,73.100068,503.400,0.000,0.000,0.780,11
36627.000,33.606978,73.100068,503.400,0.000,0.000,0.780,11
36628.000,33.606978,73.100068,503.400,0.000,0.000,0.780,11
36629.000,33.606978,73.100068,503.400,0.000,0.000,0.780,11
36630.000,33.606978,73.100068,503.400,0.000,0.000,0.780,11
36631.000,33.606978,73.100068,503.300,0.000,0.000,0.780,11
36632.000,33.606978,73.100068,503.300,0.000,0.000,0.780,11
36633.000,33.606978,73.100069,503.300,0.000,0.000,0.780,11
36634.000,33.606978,73.100069,503.300,0.000,0.000,0.780,11
36635.000,33.606978,73.100069,503.300,0.000,0.000,0.780,11
36636.000,33.606978,73.100069,503.300,0.000,0.000,0.780,11
36637.000,33.606978,73.100069,503.300,0.000,0.000,0.780,11
36638.000,33.606978,73.100069,503.400,0.000,0.000,0.780,11
36639.000,33.606978,73.100069,503.400,0.000,0.000,0.840,10
36640.000,33.606978,73.100069,503.400,0.000,0.000,0.840,10
36641.000,33.606978,73.100070,503.400,0.000,0.000,0.840,10
36642.000,33.606978,73.100070,503.400,0.000,0.000,0.840,10
36643.000,33.606978,73.100070,503.400,0.000,0.000,0.840,10
36644.000,33.606978,73.100070,503.400,0.000,0.000,0.840,10
36645.000,33.606978,73.100070,503.400,0.000,0.000,0.960,9
36646.000,33.606978,73.100070,503.400,0.000,0.000,0.960,9
36647.000,33.606978,73.100070,503.400,0.000,0.000,0.960,9
36648.000,33.606978,73.100070,503.500,0.000,0.000,0.960,9
36649.000,33.606978,73.100070,503.500,0.000,0.000,0.960,9
36650.000,33.606978,73.100070,503.500,0.000,0.000,0.960,9
36651.000,33.606978,73.100070,503.500,0.000,0.000,0.960,9
36652.000,33.606978,73.100070,503.500,0.000,0.000,0.960,9
36653.000,33.606978,73.100070,503.600,0.000,0.000,0.960,9
36654.000,33.606978,73.100070,503.600,0.000,0.000,0.960,9
36655.000,33.606978,73.100070,503.600,0.000,0.000,0.960,9
36656.000,33.606978,73.100070,503.600,0.000,0.000,0.960,9
36657.000,33.606978,73.100070,503.600,0.000,0.000,0.960,9
36658.000,33.606978,73.100070,503.600,0.000,0.000,0.960,9
36659.000,33.606978,73.100070,503.700,0.000,0.000,0.960,9
36660.000,33.606978,73.100070,503.700,0.000,0.000,0.960,9
36661.000,33.606978,73.100070,503.700,0.000,0.000,0.960,9
36662.000,33.606978,73.100070,503.700,0.000,0.000,0.960,9
36663.000,33.606978,73.100070,503.600,0.000,0.000,0.780,11
36664.000,33.606978,73.100070,503.600,0.000,0.000,0.780,11
36665.000,33.606978,73.100070,503.600,0.000,0.000,0.780,11
36666.000,33.606978,73.100070,503.600,0.000,0.000,0.780,11
36667.000,33.606978,73.100070,503.600,0.000,0.000,0.780,11
36668.000,33.606978,73.100070,503.600,0.000,0.000,0.780,11
36669.000,33.606978,73.100070,503.600,0.000,0.000,1.010,10
36670.000,33.606978,73.100070,503.600,0.000,0.000,1.010,10
36671.000,33.606978,73.100070,503.500,0.000,0.000,1.010,10
36672.000,33.606978,73.100070,503.500,0.000,0.000,1.010,10
36673.000,33.606978,73.100070,503.600,0.000,0.000,1.010,10
36674.000,33.606978,73.100069,503.600,0.000,0.000,1.010,10
36675.000,33.606978,73.100069,503.600,0.000,0.000,1.010,10
36676.000,33.606978,73.100069,503.600,0.000,0.000,1.010,10
36677.000,33.606978,73.100069,503.600,0.000,0.000,1.010,10
36678.000,33.606978,73.100069,503.600,0.000,0.000,1.010,10
36679.000,33.606978,73.100069,503.700,0.000,0.000,1.010,10
36680.000,33.606978,73.100069,503.600,0.000,0.000,1.010,10
36681.000,33.606978,73.100070,503.600,0.000,0.000,1.010,10
36682.000,33.606978,73.100070,503.600,0.000,0.000,1.010,10
36683.000,33.606978,73.100069,503.600,0.000,0.000,1.010,10
36684.000,33.606978,73.100069,503.600,0.000,0.000,1.010,10
36685.000,33.606978,73.100069,503.600,0.000,0.000,1.010,10
36686.000,33.606978,73.100069,503.600,0.000,0.000,1.010,10
36687.000,33.606978,73.100069,503.600,0.000,0.000,1.010,10
36688.000,33.606978,73.100069,503.600,0.000,0.000,1.010,10
36689.000,33.606978,73.100069,503.600,0.000,0.000,1.010,10
36690.000,33.606978,73.100070,503.600,0.000,0.000,1.010,10
36691.000,33.606978,73.100070,503.600,0.000,0.000,1.010,10
36692.000,33.606978,73.100070,503.600,0.000,0.000,1.010,10
36693.000,33.606979,73.100069,503.500,0.000,0.000,0.780,11
36694.000,33.606979,73.100069,503.600,0.000,0.000,0.780,11
36695.000,33.606979,73.100069,503.600,0.000,0.000,0.780,11
36696.000,33.606979,73.100069,503.500,0.000,0.000,0.780,11
36697.000,33.606979,73.100069,503.600,0.000,0.000,0.780,11
36698.000,33.606979,73.100069,503.600,0.000,0.000,0.780,11
36699.000,33.606979,73.100069,503.600,0.000,0.000,0.780,11
36700.000,33.606979,73.100069,503.600,0.000,0.000,0.780,11
36701.000,33.606979,73.100069,503.600,0.000,0.000,0.780,11
36702.000,33.606979,73.100069,503.600,0.000,0.000,0.780,11
36703.000,33.606979,73.100069,503.600,0.000,0.000,0.780,11
36704.000,33.606979,73.100069,503.600,0.000,0.000,0.780,11
36705.000,33.606979,73.100069,503.600,0.000,0.000,0.780,11
36706.000,33.606979,73.100069,503.600,0.000,0.000,0.780,11
36707.000,33.606980,73.100069,503.600,0.000,0.000,0.780,11
36708.000,33.606980,73.100069,503.600,0.000,0.000,0.780,11
36709.000,33.606980,73.100069,503.600,0.000,0.000,0.780,11
36710.000,33.606980,73.100069,503.600,0.000,0.000,0.780,11
36711.000,33.606980,73.100069,503.500,0.000,0.000,0.780,11
36712.000,33.606980,73.100068,503.500,0.000,0.000,0.780,11
36713.000,33.606980,73.100068,503.500,0.000,0.000,0.780,11
36714.000,33.606980,73.100068,503.500,0.000,0.000,0.780,11
36715.000,33.606980,73.100068,503.500,0.000,0.000,0.780,11
36716.000,33.606980,73.100068,503.500,0.000,0.000,0.780,11
36717.000,33.606980,73.100069,503.500,0.000,0.000,0.780,11
36718.000,33.606980,73.100069,503.500,0.000,0.000,0.780,11
36719.000,33.606980,73.100069,503.500,0.000,0.000,0.780,11
36720.000,33.606980,73.100069,503.500,0.000,0.000,0.780,11
36721.000,33.606980,73.100069,503.500,0.000,0.000,0.780,11
36722.000,33.606980,73.100069,503.500,0.000,0.000,0.780,11
36723.000,33.606980,73.100069,503.500,0.000,0.000,0.780,11
36724.000,33.606980,73.100069,503.600,0.000,0.000,0.780,11
36725.000,33.606980,73.100069,503.600,0.000,0.000,0.780,11
36726.000,33.606979,73.100069,503.600,0.000,0.000,0.780,11
36727.000,33.606979,73.100069,503.700,0.000,0.000,0.780,11
36728.000,33.606979,73.100069,503.700,0.000,0.000,0.780,11
36729.000,33.606979,73.100069,503.700,0.000,0.000,0.780,11
36730.000,33.606979,73.100069,503.700,0.000,0.000,0.780,11
36731.000,33.606979,73.100069,503.700,0.000,0.000,0.780,11
36732.000,33.606978,73.100069,503.800,0.000,0.000,0.780,11
36733.000,33.606978,73.100068,503.800,0.000,0.000,0.780,11
36734.000,33.606979,73.100068,503.800,0.000,0.000,0.780,11
36735.000,33.606979,73.100068,503.800,0.000,0.000,0.800,10
36736.000,33.606979,73.100068,503.800,0.000,0.000,0.800,10
36737.000,33.606979,73.100068,503.800,0.000,0.000,0.800,10
36738.000,33.606979,73.100068,503.800,0.000,0.000,0.800,10
36739.000,33.606979,73.100068,503.800,0.000,0.000,0.800,10
36740.000,33.606979,73.100068,503.800,0.000,0.000,0.800,10
36741.000,33.606979,73.100068,503.800,0.000,0.000,0.800,10
36742.000,33.606979,73.100068,503.800,0.000,0.000,0.800,10
36743.000,33.606979,73.100068,503.800,0.000,0.000,0.800,10
36744.000,33.606979,73.100068,503.800,0.000,0.000,0.800,10
36745.000,33.606979,73.100068,503.800,0.000,0.000,0.800,10
36746.000,33.606979,73.100068,503.800,0.000,0.000,0.800,10
36747.000,33.606979,73.100068,503.800,0.000,0.000,0.810,10
36748.000,33.606979,73.100068,503.800,0.000,0.000,0.810,10
36749.000,33.606979,73.100068,503.800,0.000,0.000,0.810,10
36750.000,33.606979,73.100068,503.800,0.000,0.000,0.810,10
36751.000,33.606979,73.100068,503.900,0.000,0.000,0.810,10
36752.000,33.606979,73.100068,503.800,0.000,0.000,0.810,10
36753.000,33.606979,73.100068,503.800,0.000,0.000,0.780,11
36754.000,33.606979,73.100068,503.800,0.000,0.000,0.780,11
36755.000,33.606979,73.100068,503.800,0.000,0.000,0.780,11
36756.000,33.606979,73.100068,503.800,0.000,0.000,0.780,11
36757.000,33.606978,73.100068,503.900,0.000,0.000,0.780,11
36758.000,33.606979,73.100068,503.900,0.000,0.000,0.780,11
36759.000,33.606979,73.100068,503.900,0.000,0.000,0.780,11
36760.000,33.606979,73.100068,503.900,0.000,0.000,0.780,11
36761.000,33.606979,73.100068,503.900,0.000,0.000,0.780,11
36762.000,33.606978,73.100068,503.900,0.000,0.000,0.780,11
36763.000,33.606978,73.100068,503.900,0.000,0.000,0.780,11
36764.000,33.606978,73.100068,504.000,0.000,0.000,0.780,11
36765.000,33.606979,73.100068,503.900,0.000,0.000,0.780,11
36766.000,33.606979,73.100068,503.900,0.000,0.000,0.780,11
36767.000,33.606979,73.100068,503.900,0.000,0.000,0.780,11
36768.000,33.606979,73.100068,503.800,0.000,0.000,0.780,11
36769.000,33.606979,73.100068,503.800,0.000,0.000,0.780,11
36770.000,33.606979,73.100069,503.800,0.000,0.000,0.780,11
36771.000,33.606979,73.100068,503.800,0.000,0.000,0.780,11
36772.000,33.606979,73.100068,503.800,0.000,0.000,0.780,11
36773.000,33.606979,73.100068,503.800,0.000,0.000,0.780,11
36774.000,33.606979,73.100068,503.800,0.000,0.000,0.780,11
36775.000,33.606979,73.100069,503.900,0.000,0.000,0.780,11
36776.000,33.606979,73.100069,503.900,0.000,0.000,0.780,11
36777.000,33.606979,73.100069,503.900,0.000,0.000,0.780,11
36778.000,33.606979,73.100069,503.900,0.000,0.000,0.780,11
36779.000,33.606979,73.100069,503.900,0.000,0.000,0.780,11
36780.000,33.606979,73.100069,503.900,0.000,0.000,0.780,11
36781.000,33.606979,73.100069,503.900,0.000,0.000,0.780,11
36782.000,33.606979,73.100069,503.900,0.000,0.000,0.780,11
36783.000,33.606979,73.100069,503.900,0.000,0.000,0.780,11
36784.000,33.606979,73.100068,503.900,0.000,0.000,0.780,11
36785.000,33.606979,73.100069,504.000,0.000,0.000,0.790,11
36786.000,33.606979,73.100069,504.000,0.000,0.000,0.790,11
36787.000,33.606978,73.100068,504.000,0.000,0.000,0.790,11
36788.000,33.606978,73.100068,504.000,0.000,0.000,0.790,11
36789.000,33.606978,73.100068,504.000,0.000,0.000,0.790,10
36790.000,33.606978,73.100068,504.000,0.000,0.000,0.790,10
36791.000,33.606978,73.100068,504.000,0.000,0.000,0.790,10
36792.000,33.606978,73.100068,504.000,0.000,0.000,0.790,10
36793.000,33.606978,73.100068,504.100,0.000,0.000,0.790,10
36794.000,33.606978,73.100068,504.100,0.000,0.000,0.790,10
36795.000,33.606978,73.100068,504.100,0.000,0.000,0.790,10
36796.000,33.606978,73.100069,504.100,0.000,0.000,0.790,10
36797.000,33.606978,73.100069,504.100,0.000,0.000,0.790,10
36798.000,33.606978,73.100069,504.200,0.000,0.000,0.790,10
36799.000,33.606978,73.100069,504.200,0.000,0.000,0.790,10
36800.000,33.606978,73.100069,504.200,0.000,0.000,0.790,10
36801.000,33.606978,73.100069,504.200,0.000,0.000,0.790,10
36802.000,33.606978,73.100069,504.200,0.000,0.000,0.790,10
36803.000,33.606978,73.100069,504.300,0.000,0.000,0.790,10
36804.000,33.606978,73.100069,504.300,0.000,0.000,0.790,10
36805.000,33.606978,73.100069,504.300,0.000,0.000,0.790,10
36806.000,33.606978,73.100069,504.300,0.000,0.000,0.790,10
36807.000,33.606978,73.100069,504.300,0.000,0.000,0.790,10
36808.000,33.606978,73.100069,504.300,0.000,0.000,0.790,10
36809.000,33.606978,73.100069,504.300,0.000,0.000,0.790,10
36810.000,33.606978,73.100069,504.300,0.000,0.000,0.790,10
36811.000,33.606978,73.100069,504.300,0.000,0.000,0.790,10
36812.000,33.606978,73.100069,504.300,0.000,0.000,0.790,10
36813.000,33.606978,73.100069,504.300,0.000,0.000,0.790,11
36814.000,33.606978,73.100069,504.400,0.000,0.000,0.790,11
36815.000,33.606978,73.100069,504.400,0.000,0.000,0.790,11
36816.000,33.606978,73.100069,504.400,0.000,0.000,0.790,11
36817.000,33.606978,73.100069,504.400,0.000,0.000,0.790,11
36818.000,33.606978,73.100069,504.300,0.000,0.000,0.790,11
36819.000,33.606979,73.100069,504.300,0.000,0.000,0.790,11
36820.000,33.606978,73.100069,504.400,0.000,0.000,0.790,11
36821.000,33.606978,73.100069,504.400,0.000,0.000,0.790,11
36822.000,33.606978,73.100069,504.400,0.000,0.000,0.790,11
36823.000,33.606978,73.100069,504.400,0.000,0.000,0.790,11
36824.000,33.606978,73.100069,504.300,0.000,0.000,0.790,11
36825.000,33.606979,73.100069,504.300,0.000,0.000,0.790,11
36826.000,33.606979,73.100069,504.300,0.000,0.000,0.790,11
36827.000,33.606979,73.100069,504.300,0.000,0.000,0.790,11
36828.000,33.606979,73.100069,504.300,0.000,0.000,0.790,11
36829.000,33.606979,73.100069,504.300,0.000,0.000,0.790,11
36830.000,33.606979,73.100069,504.300,0.000,0.000,0.790,11
36831.000,33.606979,73.100069,504.300,0.000,0.000,0.790,11
36832.000,33.606979,73.100069,504.300,0.000,0.000,0.790,11
36833.000,33.606979,73.100069,504.300,0.000,0.000,0.790,11
36834.000,33.606979,73.100069,504.300,0.000,0.000,0.790,11
36835.000,33.606979,73.100069,504.300,0.000,0.000,0.790,11
36836.000,33.606979,73.100069,504.300,0.000,0.000,0.790,11
36837.000,33.606979,73.100069,504.200,0.000,0.000,0.790,11
36838.000,33.606979,73.100069,504.200,0.000,0.000,0.790,11
36839.000,33.606979,73.100069,504.200,0.000,0.000,0.790,11
36840.000,33.606979,73.100069,504.200,0.000,0.000,0.790,11
36841.000,33.606979,73.100069,504.100,0.000,0.000,0.790,11
36842.000,33.606979,73.100069,504.100,0.000,0.000,0.790,11
36843.000,33.606979,73.100069,504.100,0.000,0.000,0.790,11
36844.000,33.606979,73.100069,504.200,0.000,0.000,0.790,11
36845.000,33.606979,73.100069,504.200,0.000,0.000,0.790,11
