time,ax,ay,az,wx,wy,wz
37027.662,0.019,-0.012,-1.053,4.547,-1.160,-1.145
37027.670,0.019,-0.015,-1.050,4.532,-1.312,-0.961
37027.677,0.019,-0.009,-1.042,4.532,-1.236,-1.022
37027.684,0.017,-0.014,-1.055,4.456,-1.358,-0.992
37027.691,0.019,-0.013,-1.052,4.502,-1.236,-0.778
37027.698,0.022,-0.015,-1.052,4.441,-1.282,-1.022
37027.705,0.017,-0.010,-1.052,4.456,-1.389,-0.961
37027.713,0.021,-0.012,-1.048,4.364,-1.328,-0.870
37027.720,0.020,-0.012,-1.042,4.471,-1.190,-0.992
37027.727,0.020,-0.015,-1.048,4.532,-1.251,-0.992
37027.734,0.022,-0.011,-1.047,4.517,-1.404,-1.038
37027.741,0.017,-0.015,-1.047,4.441,-1.267,-0.885
37027.749,0.017,-0.015,-1.050,4.486,-1.328,-0.885
37027.756,0.019,-0.010,-1.046,4.502,-1.373,-0.855
37027.763,0.019,-0.013,-1.051,4.380,-1.221,-0.855
37027.770,0.021,-0.014,-1.044,4.609,-1.404,-1.007
37027.777,0.020,-0.013,-1.051,4.425,-1.251,-0.900
37027.785,0.015,-0.017,-1.047,4.563,-1.145,-0.992
37027.792,0.016,-0.013,-1.048,4.547,-1.312,-0.977
37027.799,0.023,-0.013,-1.049,4.441,-1.328,-0.992
37027.806,0.019,-0.013,-1.050,4.395,-1.511,-0.885
37027.813,0.018,-0.010,-1.044,4.227,-1.373,-1.022
37027.820,0.023,-0.011,-1.048,4.486,-1.343,-0.870
37027.828,0.017,-0.013,-1.045,4.410,-1.526,-0.916
37027.835,0.022,-0.013,-1.038,4.715,-1.221,-0.794
37027.842,0.016,-0.013,-1.042,4.654,-1.251,-1.007
37027.849,0.017,-0.010,-1.054,4.563,-1.175,-0.900
37027.856,0.020,-0.012,-1.048,4.547,-1.190,-0.931
37027.863,0.020,-0.012,-1.052,4.670,-1.251,-1.007
37027.871,0.015,-0.014,-1.048,4.532,-1.343,-0.992
37027.878,0.019,-0.013,-1.045,4.532,-1.312,-0.855
37027.885,0.017,-0.012,-1.050,4.532,-1.190,-1.007
37027.892,0.019,-0.012,-1.045,4.563,-1.145,-0.992
37027.899,0.017,-0.014,-1.050,4.547,-1.206,-0.824
37027.907,0.019,-0.010,-1.046,4.563,-1.312,-0.885
37027.914,0.019,-0.009,-1.048,4.624,-1.312,-0.839
37027.921,0.019,-0.014,-1.057,4.654,-1.160,-0.977
37027.928,0.016,-0.017,-1.050,4.547,-1.129,-0.809
37027.935,0.017,-0.010,-1.054,4.700,-1.282,-0.885
37027.942,0.019,-0.010,-1.048,4.547,-1.236,-1.022
37027.950,0.019,-0.013,-1.044,4.654,-1.282,-0.977
37027.957,0.018,-0.012,-1.046,4.670,-1.236,-0.916
37027.964,0.019,-0.017,-1.044,4.700,-1.389,-0.992
37027.971,0.019,-0.014,-1.049,4.670,-1.236,-0.992
37027.978,0.024,-0.011,-1.051,4.486,-1.343,-0.809
37027.985,0.017,-0.010,-1.046,4.456,-1.251,-0.977
37027.993,0.020,-0.012,-1.051,4.593,-1.160,-1.114
37028.000,0.019,-0.013,-1.043,4.578,-1.129,-0.839
37028.007,0.021,-0.011,-1.054,4.685,-1.251,-0.824
37028.014,0.019,-0.014,-1.051,4.563,-1.267,-1.038
37028.021,0.018,-0.013,-1.051,4.441,-1.206,-0.900
37028.028,0.019,-0.010,-1.051,4.700,-1.419,-0.870
37028.035,0.021,-0.013,-1.043,4.563,-1.251,-0.977
37028.043,0.014,-0.010,-1.047,4.486,-1.206,-0.870
37028.050,0.020,-0.010,-1.047,4.578,-1.282,-0.961
37028.057,0.021,-0.014,-1.048,4.654,-1.297,-0.916
37028.064,0.021,-0.012,-1.047,4.746,-1.312,-0.824
37028.071,0.019,-0.011,-1.046,4.624,-1.358,-0.824
37028.079,0.016,-0.011,-1.042,4.517,-1.343,-0.855
37028.086,0.017,-0.014,-1.046,4.609,-1.221,-0.916
37028.093,0.021,-0.011,-1.044,4.624,-1.251,-0.855
37028.100,0.019,-0.012,-1.052,4.624,-1.251,-0.824
37028.108,0.017,-0.011,-1.043,4.563,-1.297,-0.992
37028.115,0.018,-0.014,-1.048,4.670,-1.267,-0.961
37028.122,0.020,-0.009,-1.051,4.502,-1.251,-0.839
37028.129,0.017,-0.013,-1.047,4.578,-1.221,-0.885
37028.136,0.022,-0.014,-1.046,4.700,-1.328,-0.992
37028.144,0.015,-0.014,-1.049,4.517,-1.373,-0.992
37028.166,0.016,-0.015,-1.047,4.670,-1.267,-0.885
37028.173,0.021,-0.017,-1.050,4.624,-1.312,-0.916
37028.180,0.020,-0.013,-1.049,4.654,-1.328,-0.916
37028.188,0.018,-0.014,-1.047,4.639,-1.389,-0.931
37028.195,0.017,-0.010,-1.047,4.685,-1.236,-1.022
37028.202,0.021,-0.014,-1.052,4.639,-1.282,-0.931
37028.209,0.021,-0.010,-1.048,4.578,-1.221,-0.809
37028.216,0.021,-0.010,-1.047,4.609,-1.221,-0.916
37028.224,0.020,-0.010,-1.049,4.532,-1.267,-0.916
37028.231,0.018,-0.017,-1.052,4.593,-1.236,-0.931
37028.238,0.019,-0.014,-1.050,4.731,-1.221,-0.961
37028.245,0.021,-0.016,-1.042,4.502,-1.206,-0.870
37028.252,0.017,-0.009,-1.052,4.654,-1.282,-0.855
37028.260,0.020,-0.015,-1.054,4.731,-1.282,-0.855
37028.282,0.018,-0.014,-1.047,4.654,-1.175,-0.946
37028.289,0.014,-0.009,-1.043,4.502,-1.236,-0.977
37028.297,0.017,-0.015,-1.044,4.563,-1.251,-0.839
37028.304,0.015,-0.012,-1.047,4.532,-1.328,-0.946
37028.311,0.019,-0.012,-1.049,4.532,-1.236,-0.900
37028.318,0.017,-0.011,-1.044,4.593,-1.236,-0.885
37028.326,0.021,-0.012,-1.051,4.715,-1.328,-0.855
37028.333,0.020,-0.013,-1.054,4.761,-1.465,-0.900
37028.340,0.017,-0.012,-1.042,4.746,-1.190,-0.855
37028.347,0.014,-0.014,-1.050,4.746,-1.145,-0.916
37028.354,0.024,-0.012,-1.048,4.578,-1.297,-0.931
37028.361,0.019,-0.008,-1.048,4.593,-1.206,-0.916
37028.369,0.023,-0.012,-1.050,4.654,-1.328,-0.870
37028.376,0.021,-0.017,-1.050,4.517,-1.221,-0.824
37028.383,0.020,-0.013,-1.048,4.593,-1.297,-0.977
37028.390,0.020,-0.011,-1.043,4.685,-1.282,-1.007
37028.398,0.022,-0.015,-1.048,4.532,-1.267,-0.839
37028.405,0.021,-0.012,-1.044,4.563,-1.206,-0.931
37028.412,0.018,-0.011,-1.043,4.532,-1.251,-1.068
37028.419,0.021,-0.014,-1.048,4.441,-1.190,-0.977
37028.426,0.021,-0.013,-1.050,4.624,-1.236,-0.992
37028.434,0.022,-0.013,-1.049,4.517,-1.221,-0.809
37028.441,0.017,-0.012,-1.047,4.532,-1.236,-0.885
37028.448,0.018,-0.012,-1.047,4.563,-1.328,-0.977
37028.455,0.021,-0.013,-1.051,4.654,-1.175,-1.114
37028.462,0.022,-0.014,-1.050,4.563,-1.221,-1.022
37028.470,0.018,-0.012,-1.047,4.532,-1.206,-0.824
37028.477,0.019,-0.014,-1.048,4.547,-1.267,-0.900
37028.484,0.017,-0.008,-1.047,4.517,-1.251,-0.855
37028.491,0.015,-0.015,-1.055,4.563,-1.206,-0.885
37028.498,0.018,-0.011,-1.044,4.547,-1.190,-1.022
37028.506,0.016,-0.016,-1.047,4.532,-1.114,-0.992
37028.513,0.018,-0.014,-1.047,4.609,-1.221,-0.916
37028.520,0.021,-0.013,-1.045,4.624,-1.221,-1.022
37028.527,0.023,-0.012,-1.044,4.731,-1.175,-1.007
37028.534,0.018,-0.011,-1.046,4.532,-1.358,-0.870
37028.542,0.020,-0.015,-1.049,4.609,-1.312,-0.961
37028.549,0.016,-0.011,-1.051,4.624,-1.175,-1.053
37028.556,0.018,-0.012,-1.041,4.547,-1.312,-1.007
37028.563,0.018,-0.015,-1.052,4.578,-1.282,-1.007
37028.570,0.023,-0.012,-1.046,4.471,-1.236,-0.870
37028.578,0.019,-0.011,-1.049,4.547,-1.221,-0.961
37028.585,0.018,-0.009,-1.045,4.578,-1.282,-0.931
37028.592,0.015,-0.014,-1.044,4.547,-1.251,-0.961
37028.599,0.017,-0.010,-1.046,4.670,-1.160,-0.870
37028.606,0.022,-0.012,-1.043,4.609,-1.175,-0.916
37028.613,0.019,-0.009,-1.051,4.593,-1.221,-1.068
37028.621,0.017,-0.012,-1.052,4.609,-1.160,-1.068
37028.628,0.014,-0.015,-1.047,4.609,-1.236,-0.900
37028.635,0.018,-0.011,-1.053,4.578,-1.221,-0.916
37028.642,0.019,-0.014,-1.053,4.517,-1.206,-0.992
37028.649,0.019,-0.011,-1.047,4.593,-1.190,-0.931
37028.657,0.018,-0.011,-1.046,4.624,-1.267,-0.900
37028.664,0.022,-0.013,-1.045,4.609,-1.373,-0.900
37028.671,0.020,-0.011,-1.051,4.624,-1.312,-0.961
37028.678,0.019,-0.016,-1.046,4.609,-1.251,-0.900
37028.685,0.020,-0.013,-1.049,4.609,-1.282,-0.931
37028.692,0.018,-0.014,-1.046,4.593,-1.312,-0.870
37028.700,0.018,-0.010,-1.054,4.486,-1.175,-0.977
37028.707,0.019,-0.012,-1.048,4.609,-1.267,-0.916
37028.714,0.019,-0.010,-1.050,4.517,-1.267,-0.824
37028.721,0.017,-0.016,-1.045,4.593,-1.175,-0.824
37028.728,0.015,-0.011,-1.047,4.517,-1.236,-0.931
37028.736,0.020,-0.012,-1.044,4.532,-1.221,-0.946
37028.743,0.022,-0.016,-1.043,4.517,-1.267,-0.961
37028.750,0.020,-0.010,-1.046,4.685,-1.328,-0.778
37028.757,0.015,-0.012,-1.046,4.563,-1.206,-0.946
37028.764,0.014,-0.013,-1.051,4.441,-1.099,-0.855
37028.772,0.016,-0.016,-1.051,4.776,-1.343,-0.977
37028.779,0.019,-0.012,-1.045,4.654,-1.267,-0.977
37028.786,0.020,-0.011,-1.052,4.578,-1.114,-1.038
37028.793,0.019,-0.012,-1.045,4.578,-1.236,-0.961
37028.800,0.017,-0.010,-1.048,4.578,-1.358,-0.916
37028.808,0.021,-0.015,-1.046,4.624,-1.251,-0.885
37028.815,0.020,-0.012,-1.037,4.624,-1.312,-0.946
37028.822,0.024,-0.014,-1.052,4.486,-1.282,-1.068
37028.829,0.016,-0.011,-1.052,4.609,-1.282,-0.794
37028.836,0.013,-0.015,-1.048,4.639,-1.251,-0.931
37028.844,0.012,-0.015,-1.049,4.609,-1.114,-0.931
37028.900,0.019,-0.017,-1.050,4.639,-1.190,-0.870
37028.907,0.020,-0.015,-1.052,4.578,-1.297,-0.732
37028.914,0.019,-0.014,-1.049,4.547,-1.373,-0.961
37028.921,0.017,-0.013,-1.043,4.517,-1.221,-0.794
37028.928,0.020,-0.011,-1.047,4.486,-1.099,-0.977
37028.936,0.018,-0.015,-1.044,4.609,-1.206,-1.038
37028.943,0.019,-0.011,-1.041,4.563,-1.175,-0.946
37028.950,0.020,-0.009,-1.045,4.731,-1.068,-0.885
37028.957,0.022,-0.011,-1.046,4.532,-1.251,-1.038
37028.964,0.021,-0.014,-1.055,4.517,-1.267,-0.931
37028.971,0.019,-0.014,-1.050,4.670,-1.358,-0.946
37028.979,0.023,-0.010,-1.044,4.670,-1.190,-0.961
37028.986,0.019,-0.016,-1.047,4.624,-1.297,-1.038
37028.993,0.018,-0.014,-1.050,4.502,-1.221,-0.946
37029.000,0.022,-0.016,-1.047,4.609,-1.312,-0.870
37029.007,0.019,-0.013,-1.045,4.609,-1.221,-0.839
37029.014,0.018,-0.014,-1.048,4.654,-1.297,-0.839
37029.022,0.021,-0.010,-1.050,4.792,-1.175,-0.961
37029.029,0.020,-0.014,-1.046,4.609,-1.175,-0.931
37029.036,0.018,-0.011,-1.047,4.517,-1.312,-0.977
37029.043,0.017,-0.015,-1.050,4.502,-1.190,-1.022
37029.050,0.020,-0.014,-1.051,4.471,-1.206,-0.839
37029.058,0.023,-0.012,-1.048,4.578,-1.404,-1.038
37029.065,0.016,-0.008,-1.042,4.563,-1.175,-0.916
37029.072,0.019,-0.012,-1.051,4.624,-1.236,-0.961
37029.079,0.018,-0.013,-1.049,4.700,-1.373,-0.900
37029.086,0.019,-0.013,-1.049,4.502,-1.206,-0.916
37029.094,0.018,-0.014,-1.044,4.609,-1.114,-1.083
37029.101,0.021,-0.014,-1.044,4.593,-1.160,-0.855
37029.108,0.022,-0.009,-1.045,4.609,-1.404,-0.839
37029.115,0.023,-0.012,-1.050,4.609,-1.190,-1.007
37029.122,0.020,-0.011,-1.051,4.532,-1.236,-0.992
37029.130,0.019,-0.012,-1.053,4.593,-1.297,-0.931
37029.137,0.024,-0.010,-1.044,4.624,-1.373,-0.870
37029.144,0.018,-0.012,-1.052,4.486,-1.267,-1.007
37029.166,0.019,-0.015,-1.052,4.578,-1.221,-0.931
37029.174,0.020,-0.012,-1.047,4.578,-1.267,-1.038
37029.181,0.019,-0.012,-1.045,4.639,-1.358,-0.961
37029.188,0.017,-0.013,-1.050,4.502,-1.251,-0.946
37029.195,0.014,-0.010,-1.049,4.532,-1.175,-1.038
37029.202,0.022,-0.016,-1.047,4.609,-1.190,-0.916
37029.210,0.018,-0.014,-1.048,4.700,-1.236,-0.839
37029.217,0.020,-0.014,-1.034,4.578,-1.328,-0.916
37029.224,0.017,-0.014,-1.049,4.624,-1.160,-0.946
37029.231,0.019,-0.011,-1.043,4.563,-1.358,-1.038
37029.239,0.018,-0.013,-1.042,4.685,-1.251,-0.946
37029.246,0.016,-0.016,-1.049,4.578,-1.297,-0.916
37029.253,0.021,-0.012,-1.051,4.517,-1.236,-0.961
37029.260,0.016,-0.012,-1.041,4.502,-1.190,-0.870
37029.283,0.022,-0.013,-1.053,4.593,-1.206,-1.053
37029.290,0.015,-0.008,-1.049,4.578,-1.267,-0.992
37029.297,0.018,-0.011,-1.041,4.624,-1.343,-0.916
37029.304,0.021,-0.012,-1.048,4.639,-1.297,-1.099
37029.312,0.022,-0.013,-1.046,4.578,-1.328,-0.870
37029.319,0.019,-0.016,-1.047,4.456,-1.343,-1.022
37029.326,0.019,-0.012,-1.050,4.563,-1.267,-0.931
37029.334,0.021,-0.014,-1.045,4.609,-1.389,-0.946
37029.341,0.020,-0.013,-1.046,4.547,-1.221,-1.007
37029.348,0.019,-0.013,-1.051,4.486,-1.297,-0.977
37029.355,0.018,-0.012,-1.048,4.593,-1.343,-0.992
37029.363,0.018,-0.015,-1.041,4.670,-1.282,-0.977
37029.370,0.018,-0.015,-1.051,4.578,-1.221,-0.916
37029.377,0.019,-0.010,-1.047,4.547,-1.267,-0.900
37029.384,0.019,-0.014,-1.051,4.547,-1.343,-0.870
37029.391,0.020,-0.012,-1.046,4.456,-1.190,-0.900
37029.399,0.019,-0.015,-1.039,4.517,-1.297,-0.946
37029.406,0.015,-0.016,-1.048,4.609,-1.236,-0.855
37029.413,0.020,-0.011,-1.051,4.486,-1.160,-1.083
37029.420,0.018,-0.013,-1.052,4.532,-1.206,-0.931
37029.427,0.023,-0.015,-1.049,4.532,-1.221,-0.977
37029.435,0.021,-0.013,-1.049,4.517,-1.145,-0.900
37029.442,0.020,-0.017,-1.046,4.746,-1.267,-0.961
37029.449,0.020,-0.011,-1.044,4.685,-1.297,-0.946
37029.456,0.018,-0.010,-1.049,4.731,-1.328,-0.839
37029.463,0.019,-0.013,-1.045,4.654,-1.267,-0.885
37029.471,0.015,-0.011,-1.045,4.639,-1.282,-0.977
37029.478,0.018,-0.012,-1.042,4.517,-1.221,-0.992
37029.485,0.022,-0.016,-1.050,4.670,-1.175,-0.961
37029.492,0.020,-0.010,-1.045,4.761,-1.297,-0.839
37029.500,0.019,-0.010,-1.052,4.609,-1.160,-0.992
37029.507,0.018,-0.011,-1.037,4.578,-1.206,-1.053
37029.514,0.018,-0.014,-1.041,4.639,-1.267,-0.977
37029.521,0.017,-0.013,-1.044,4.547,-1.312,-0.900
37029.528,0.018,-0.010,-1.050,4.517,-1.251,-0.977
37029.536,0.018,-0.016,-1.049,4.517,-1.282,-0.961
37029.543,0.019,-0.011,-1.044,4.502,-1.282,-0.855
37029.550,0.020,-0.009,-1.046,4.517,-1.206,-0.855
37029.557,0.021,-0.011,-1.047,4.441,-1.312,-0.870
37029.564,0.021,-0.013,-1.051,4.578,-1.206,-0.961
37029.572,0.018,-0.015,-1.043,4.517,-1.221,-0.946
37029.579,0.015,-0.012,-1.046,4.532,-1.251,-0.992
37029.586,0.020,-0.017,-1.049,4.670,-1.328,-0.916
37029.593,0.018,-0.011,-1.044,4.670,-1.221,-0.946
37029.600,0.016,-0.014,-1.043,4.609,-1.282,-0.839
37029.608,0.021,-0.012,-1.044,4.486,-1.251,-0.855
37029.615,0.017,-0.013,-1.044,4.670,-1.236,-1.007
37029.622,0.020,-0.012,-1.049,4.563,-1.267,-0.839
37029.629,0.021,-0.011,-1.052,4.532,-1.145,-0.977
37029.636,0.018,-0.010,-1.051,4.578,-1.221,-1.145
37029.643,0.021,-0.014,-1.044,4.517,-1.236,-1.053
37029.756,0.023,-0.013,-1.046,4.578,-1.221,-0.839
37029.763,0.019,-0.014,-1.049,4.471,-1.221,-0.900
37029.770,0.018,-0.011,-1.047,4.609,-1.328,-0.931
37029.777,0.020,-0.013,-1.044,4.578,-1.404,-0.885
37029.784,0.019,-0.012,-1.052,4.532,-1.236,-1.068
37029.791,0.023,-0.015,-1.043,4.517,-1.190,-0.839
37029.799,0.019,-0.014,-1.049,4.486,-1.328,-0.992
37029.806,0.020,-0.014,-1.047,4.502,-1.221,-0.885
37029.813,0.018,-0.009,-1.046,4.532,-1.206,-0.916
37029.820,0.018,-0.011,-1.046,4.609,-1.328,-0.946
37029.827,0.018,-0.013,-1.050,4.547,-1.297,-0.839
37029.835,0.019,-0.010,-1.045,4.609,-1.389,-0.870
37029.842,0.021,-0.014,-1.048,4.563,-1.282,-1.022
37029.849,0.017,-0.016,-1.043,4.486,-1.282,-0.900
37029.856,0.020,-0.009,-1.049,4.593,-1.389,-0.946
37029.863,0.020,-0.014,-1.054,4.578,-1.328,-1.068
37029.871,0.021,-0.009,-1.047,4.563,-1.236,-0.931
37029.878,0.018,-0.012,-1.047,4.609,-1.206,-1.022
37029.885,0.020,-0.014,-1.052,4.609,-1.175,-0.916
37029.892,0.022,-0.011,-1.044,4.609,-1.190,-0.839
37029.899,0.021,-0.013,-1.046,4.563,-1.297,-0.977
37029.907,0.020,-0.010,-1.052,4.639,-1.282,-0.916
37029.914,0.019,-0.012,-1.048,4.593,-1.282,-0.900
37029.921,0.018,-0.012,-1.042,4.578,-1.297,-0.946
37029.928,0.016,-0.010,-1.055,4.502,-1.206,-0.794
37029.936,0.020,-0.013,-1.042,4.441,-1.251,-0.946
37029.943,0.022,-0.011,-1.047,4.578,-1.267,-0.870
37029.950,0.019,-0.015,-1.044,4.578,-1.267,-0.778
37029.957,0.016,-0.016,-1.043,4.532,-1.190,-0.900
37029.964,0.020,-0.013,-1.046,4.593,-1.358,-1.038
37029.971,0.021,-0.014,-1.044,4.563,-1.236,-0.916
37029.979,0.019,-0.013,-1.045,4.502,-1.282,-0.946
37029.986,0.018,-0.015,-1.048,4.547,-1.221,-0.977
37029.993,0.015,-0.012,-1.045,4.624,-1.206,-0.992
37030.000,0.019,-0.009,-1.048,4.654,-1.175,-0.900
37030.007,0.019,-0.014,-1.050,4.639,-1.160,-1.007
37030.015,0.020,-0.010,-1.051,4.670,-1.206,-0.992
37030.022,0.023,-0.015,-1.051,4.578,-1.053,-0.992
37030.029,0.017,-0.012,-1.051,4.670,-1.251,-0.931
37030.036,0.017,-0.014,-1.049,4.715,-1.221,-0.931
37030.043,0.021,-0.010,-1.049,4.547,-1.343,-0.916
37030.051,0.022,-0.010,-1.047,4.563,-1.221,-1.038
37030.058,0.020,-0.013,-1.043,4.517,-1.160,-0.885
37030.065,0.022,-0.010,-1.037,4.639,-1.251,-0.824
37030.072,0.022,-0.013,-1.051,4.685,-1.282,-0.885
37030.079,0.023,-0.015,-1.053,4.609,-1.190,-0.824
37030.086,0.017,-0.012,-1.044,4.563,-1.404,-0.855
37030.094,0.018,-0.014,-1.051,4.685,-1.206,-0.885
37030.101,0.016,-0.010,-1.055,4.609,-1.404,-0.885
37030.108,0.018,-0.009,-1.050,4.639,-1.038,-0.946
37030.115,0.016,-0.011,-1.042,4.456,-1.282,-0.977
37030.122,0.019,-0.013,-1.044,4.654,-1.068,-0.946
37030.130,0.019,-0.013,-1.045,4.563,-1.312,-0.885
37030.137,0.016,-0.014,-1.046,4.547,-1.328,-0.977
37030.144,0.018,-0.012,-1.048,4.532,-1.282,-0.916
37030.166,0.020,-0.014,-1.047,4.654,-1.160,-0.931
37030.174,0.020,-0.013,-1.049,4.517,-1.206,-0.961
37030.181,0.021,-0.017,-1.043,4.578,-1.236,-0.885
37030.188,0.023,-0.012,-1.045,4.517,-1.251,-1.038
37030.195,0.017,-0.012,-1.048,4.624,-1.236,-0.855
37030.202,0.015,-0.013,-1.046,4.486,-1.251,-0.931
37030.210,0.019,-0.012,-1.048,4.578,-1.145,-1.053
37030.217,0.017,-0.013,-1.050,4.486,-1.175,-0.946
37030.224,0.017,-0.014,-1.048,4.578,-1.343,-0.900
37030.231,0.021,-0.012,-1.049,4.654,-1.221,-0.839
37030.239,0.023,-0.014,-1.044,4.670,-1.221,-1.068
37030.246,0.019,-0.014,-1.044,4.578,-1.251,-0.885
37030.253,0.020,-0.016,-1.047,4.486,-1.175,-0.977
37030.260,0.016,-0.013,-1.051,4.654,-1.190,-0.794
37030.283,0.017,-0.011,-1.045,4.761,-1.206,-0.931
37030.290,0.015,-0.011,-1.046,4.532,-1.267,-0.900
37030.297,0.021,-0.012,-1.049,4.639,-1.114,-0.885
37030.304,0.021,-0.014,-1.042,4.578,-1.358,-0.885
37030.312,0.019,-0.011,-1.046,4.502,-1.328,-1.007
37030.319,0.021,-0.016,-1.060,4.593,-1.267,-0.855
37030.326,0.022,-0.014,-1.048,4.471,-1.373,-0.916
37030.333,0.018,-0.013,-1.052,4.639,-1.236,-1.114
37030.341,0.016,-0.013,-1.045,4.502,-1.297,-0.855
37030.348,0.020,-0.011,-1.051,4.593,-1.343,-0.824
37030.355,0.018,-0.013,-1.039,4.609,-1.175,-0.870
37030.362,0.019,-0.011,-1.043,4.654,-1.404,-0.839
37030.369,0.020,-0.011,-1.051,4.593,-1.206,-0.931
37030.377,0.020,-0.015,-1.045,4.685,-1.312,-0.977
37030.384,0.021,-0.010,-1.045,4.532,-1.236,-0.946
37030.391,0.019,-0.012,-1.044,4.364,-1.221,-0.946
37030.398,0.019,-0.011,-1.043,4.578,-1.343,-0.839
37030.405,0.022,-0.010,-1.046,4.593,-1.328,-0.900
37030.412,0.018,-0.014,-1.043,4.624,-1.297,-1.007
37030.420,0.022,-0.012,-1.052,4.547,-1.267,-0.992
37030.427,0.023,-0.014,-1.045,4.654,-1.282,-0.870
37030.434,0.019,-0.009,-1.048,4.639,-1.297,-0.961
37030.441,0.020,-0.013,-1.048,4.532,-1.145,-1.083
37030.449,0.018,-0.013,-1.051,4.609,-1.297,-1.007
37030.456,0.022,-0.008,-1.050,4.654,-1.236,-0.885
37030.463,0.020,-0.011,-1.043,4.486,-1.267,-0.839
37030.470,0.018,-0.017,-1.045,4.639,-1.312,-0.992
37030.477,0.017,-0.013,-1.040,4.715,-1.328,-0.946
37030.485,0.022,-0.013,-1.051,4.593,-1.083,-0.900
37030.492,0.019,-0.015,-1.045,4.532,-1.160,-1.053
37030.499,0.021,-0.015,-1.044,4.578,-1.465,-0.794
37030.506,0.020,-0.012,-1.047,4.654,-1.206,-0.992
37030.513,0.020,-0.012,-1.054,4.578,-1.221,-0.961
37030.521,0.019,-0.013,-1.053,4.685,-1.175,-0.946
37030.528,0.017,-0.010,-1.047,4.624,-1.190,-0.839
37030.535,0.020,-0.011,-1.051,4.654,-1.099,-0.977
37030.542,0.024,-0.010,-1.048,4.593,-1.328,-0.992
37030.549,0.016,-0.011,-1.045,4.593,-1.282,-0.870
37030.556,0.021,-0.011,-1.046,4.670,-1.206,-0.946
37030.564,0.019,-0.006,-1.048,4.532,-1.358,-0.916
37030.571,0.016,-0.012,-1.047,4.593,-1.236,-1.022
37030.578,0.016,-0.015,-1.054,4.654,-1.251,-1.038
37030.634,0.020,-0.014,-1.053,4.654,-1.282,-0.946
37030.641,0.021,-0.015,-1.053,4.563,-1.206,-0.946
37030.649,0.020,-0.013,-1.047,4.609,-1.206,-0.870
37030.656,0.021,-0.012,-1.047,4.624,-1.221,-0.870
37030.663,0.018,-0.012,-1.049,4.670,-1.236,-0.977
37030.670,0.017,-0.008,-1.046,4.715,-1.282,-1.022
37030.677,0.017,-0.015,-1.047,4.624,-1.190,-0.946
37030.685,0.017,-0.011,-1.047,4.593,-1.236,-0.900
37030.692,0.022,-0.009,-1.045,4.593,-1.114,-0.931
37030.699,0.019,-0.015,-1.052,4.609,-1.267,-0.900
37030.706,0.016,-0.013,-1.045,4.639,-1.251,-0.900
37030.713,0.019,-0.011,-1.050,4.639,-1.312,-0.870
37030.720,0.020,-0.011,-1.049,4.624,-1.190,-0.916
37030.728,0.020,-0.013,-1.046,4.578,-1.312,-0.961
37030.735,0.018,-0.015,-1.053,4.700,-1.328,-0.961
37030.742,0.023,-0.014,-1.047,4.792,-1.221,-1.038
37030.749,0.015,-0.013,-1.047,4.578,-1.312,-0.839
37030.756,0.021,-0.010,-1.050,4.547,-1.297,-1.083
37030.763,0.022,-0.013,-1.046,4.670,-1.267,-0.794
37030.771,0.022,-0.009,-1.051,4.578,-1.221,-0.794
37030.778,0.018,-0.012,-1.045,4.563,-1.236,-0.885
37030.785,0.019,-0.013,-1.041,4.670,-1.282,-0.946
37030.792,0.019,-0.014,-1.046,4.456,-1.160,-0.885
37030.799,0.022,-0.012,-1.047,4.593,-1.190,-0.870
37030.806,0.016,-0.014,-1.046,4.441,-1.297,-0.961
37030.814,0.020,-0.011,-1.049,4.425,-1.206,-0.977
37030.821,0.021,-0.012,-1.049,4.517,-1.236,-0.946
37030.828,0.018,-0.014,-1.042,4.532,-1.282,-1.114
37030.835,0.017,-0.010,-1.040,4.563,-1.328,-0.992
37030.842,0.022,-0.009,-1.049,4.624,-1.221,-1.007
37030.849,0.021,-0.010,-1.042,4.609,-1.297,-1.038
37030.857,0.020,-0.011,-1.044,4.746,-1.282,-0.885
37030.864,0.016,-0.014,-1.049,4.746,-1.343,-1.007
37030.871,0.018,-0.009,-1.044,4.731,-1.297,-0.839
37030.878,0.018,-0.014,-1.052,4.670,-1.282,-0.961
37030.885,0.019,-0.011,-1.050,4.609,-1.328,-0.946
37030.892,0.022,-0.010,-1.050,4.593,-1.190,-0.885
37030.900,0.016,-0.011,-1.051,4.532,-1.373,-0.778
37030.907,0.021,-0.015,-1.045,4.517,-1.236,-0.900
37030.914,0.019,-0.012,-1.049,4.517,-1.221,-0.900
37030.921,0.018,-0.011,-1.042,4.486,-1.251,-0.885
37030.928,0.019,-0.011,-1.048,4.532,-1.236,-1.007
37030.935,0.018,-0.013,-1.047,4.547,-1.328,-0.824
37030.943,0.021,-0.010,-1.043,4.654,-1.328,-0.656
37030.950,0.022,-0.014,-1.048,4.593,-1.206,-0.931
37030.957,0.015,-0.011,-1.041,4.654,-1.358,-0.946
37030.964,0.016,-0.011,-1.050,4.685,-1.099,-1.038
37030.971,0.023,-0.012,-1.046,4.578,-1.206,-0.870
37030.978,0.019,-0.010,-1.046,4.700,-1.175,-0.931
37030.986,0.018,-0.013,-1.050,4.639,-1.251,-0.824
37030.993,0.021,-0.010,-1.045,4.639,-1.129,-0.931
37031.000,0.023,-0.017,-1.046,4.670,-1.114,-0.916
37031.007,0.021,-0.015,-1.047,4.624,-1.206,-0.855
37031.014,0.021,-0.015,-1.049,4.593,-1.175,-0.992
37031.021,0.022,-0.015,-1.054,4.593,-1.053,-0.839
37031.029,0.018,-0.010,-1.051,4.563,-1.221,-0.778
37031.036,0.017,-0.014,-1.049,4.563,-1.328,-0.870
37031.043,0.020,-0.013,-1.051,4.685,-1.145,-0.885
37031.050,0.019,-0.011,-1.046,4.654,-1.175,-0.961
37031.113,0.017,-0.012,-1.047,4.715,-1.267,-0.885
37031.120,0.021,-0.014,-1.049,4.670,-1.175,-0.961
37031.128,0.021,-0.013,-1.045,4.654,-1.267,-1.007
37031.135,0.019,-0.012,-1.050,4.746,-1.251,-0.916
37031.142,0.020,-0.014,-1.056,4.670,-1.221,-1.053
37031.149,0.021,-0.013,-1.046,4.685,-1.221,-0.946
37031.172,0.019,-0.016,-1.046,4.624,-1.206,-1.022
37031.179,0.022,-0.011,-1.051,4.639,-1.297,-0.916
37031.186,0.022,-0.014,-1.045,4.578,-1.190,-0.961
37031.193,0.020,-0.009,-1.046,4.639,-1.221,-0.961
37031.200,0.018,-0.011,-1.048,4.624,-1.190,-0.961
37031.207,0.017,-0.013,-1.054,4.547,-1.206,-0.946
37031.215,0.016,-0.010,-1.052,4.807,-1.160,-0.961
37031.222,0.017,-0.011,-1.053,4.532,-1.328,-0.855
37031.229,0.019,-0.013,-1.044,4.593,-1.343,-0.809
37031.236,0.024,-0.015,-1.048,4.609,-1.267,-0.931
37031.244,0.018,-0.014,-1.046,4.868,-1.221,-1.022
37031.251,0.023,-0.014,-1.050,4.685,-1.221,-1.175
37031.258,0.018,-0.014,-1.052,4.563,-1.328,-1.007
37031.266,0.020,-0.010,-1.051,4.654,-1.297,-0.855
37031.288,0.018,-0.016,-1.052,4.486,-1.267,-0.946
37031.295,0.021,-0.010,-1.041,4.578,-1.267,-0.931
37031.302,0.020,-0.014,-1.048,4.563,-1.251,-0.977
37031.310,0.020,-0.017,-1.051,4.685,-1.175,-0.961
37031.317,0.018,-0.009,-1.048,4.670,-1.297,-0.778
37031.324,0.015,-0.011,-1.050,4.593,-1.236,-0.809
37031.331,0.020,-0.016,-1.047,4.624,-1.221,-0.855
37031.338,0.019,-0.014,-1.042,4.593,-1.343,-0.931
37031.346,0.017,-0.014,-1.054,4.593,-1.373,-0.931
37031.353,0.021,-0.015,-1.049,4.609,-1.267,-0.946
37031.360,0.023,-0.012,-1.051,4.563,-1.221,-0.855
37031.367,0.018,-0.011,-1.047,4.593,-1.221,-0.839
37031.374,0.019,-0.013,-1.050,4.593,-1.190,-0.824
37031.382,0.024,-0.015,-1.052,4.532,-1.251,-0.961
37031.389,0.019,-0.012,-1.050,4.685,-1.221,-0.992
37031.396,0.022,-0.012,-1.052,4.547,-1.267,-0.977
37031.403,0.021,-0.015,-1.045,4.517,-1.190,-1.038
37031.410,0.019,-0.014,-1.045,4.639,-1.114,-0.946
37031.418,0.019,-0.014,-1.050,4.624,-1.206,-0.946
37031.425,0.018,-0.016,-1.051,4.700,-1.236,-0.870
37031.432,0.016,-0.011,-1.046,4.578,-1.297,-1.007
37031.439,0.020,-0.011,-1.046,4.685,-1.312,-0.916
37031.446,0.016,-0.014,-1.049,4.670,-1.328,-0.946
37031.454,0.020,-0.014,-1.045,4.761,-1.236,-0.961
37031.461,0.018,-0.012,-1.045,4.578,-1.221,-1.038
37031.468,0.018,-0.012,-1.049,4.547,-1.297,-0.946
37031.475,0.023,-0.013,-1.050,4.609,-1.175,-0.900
37031.482,0.019,-0.014,-1.052,4.609,-1.206,-0.961
37031.490,0.018,-0.011,-1.048,4.532,-1.206,-0.900
37031.497,0.017,-0.013,-1.048,4.563,-1.297,-0.855
37031.504,0.024,-0.014,-1.049,4.700,-1.236,-0.900
37031.511,0.019,-0.018,-1.044,4.700,-1.282,-0.839
37031.518,0.019,-0.015,-1.043,4.502,-1.389,-0.916
37031.526,0.021,-0.012,-1.045,4.578,-1.297,-1.022
37031.533,0.019,-0.014,-1.045,4.654,-1.206,-0.885
37031.540,0.020,-0.012,-1.047,4.700,-1.312,-0.946
37031.547,0.020,-0.012,-1.049,4.654,-1.221,-0.885
37031.554,0.020,-0.013,-1.048,4.563,-1.312,-0.946
37031.562,0.020,-0.015,-1.042,4.715,-1.282,-1.007
37031.569,0.022,-0.009,-1.049,4.609,-1.206,-0.977
37031.576,0.018,-0.010,-1.042,4.578,-1.251,-0.916
37031.583,0.020,-0.012,-1.051,4.685,-1.251,-0.992
37031.590,0.016,-0.013,-1.050,4.547,-1.190,-0.977
37031.598,0.015,-0.010,-1.051,4.517,-1.267,-0.961
37031.605,0.020,-0.012,-1.052,4.624,-1.328,-0.870
37031.612,0.020,-0.012,-1.044,4.731,-1.236,-0.977
37031.619,0.018,-0.017,-1.049,4.563,-1.282,-0.885
37031.626,0.017,-0.013,-1.047,4.486,-1.297,-0.961
37031.633,0.017,-0.014,-1.045,4.456,-1.267,-0.778
37031.641,0.021,-0.014,-1.047,4.517,-1.251,-0.961
37031.648,0.024,-0.017,-1.050,4.578,-1.221,-0.916
37031.655,0.017,-0.015,-1.045,4.654,-1.236,-0.916
37031.662,0.017,-0.010,-1.050,4.578,-1.221,-0.961
37031.669,0.018,-0.015,-1.050,4.517,-1.160,-0.992
37031.676,0.020,-0.016,-1.047,4.532,-1.221,-0.794
37031.684,0.019,-0.009,-1.049,4.639,-1.282,-0.824
37031.691,0.019,-0.011,-1.051,4.715,-1.251,-0.946
37031.698,0.015,-0.012,-1.039,4.593,-1.190,-0.824
37031.705,0.017,-0.013,-1.043,4.639,-1.221,-0.916
37031.761,0.018,-0.015,-1.043,4.731,-1.053,-0.870
37031.768,0.018,-0.013,-1.046,4.547,-1.312,-0.961
37031.775,0.021,-0.011,-1.048,4.624,-1.145,-1.083
37031.782,0.022,-0.013,-1.050,4.532,-1.419,-0.977
37031.790,0.018,-0.014,-1.052,4.593,-1.312,-0.870
37031.797,0.018,-0.011,-1.045,4.700,-1.267,-0.992
37031.804,0.019,-0.014,-1.050,4.624,-1.358,-0.885
37031.811,0.013,-0.011,-1.050,4.502,-1.175,-1.068
37031.818,0.020,-0.014,-1.043,4.670,-1.282,-0.961
37031.825,0.021,-0.011,-1.051,4.471,-1.251,-0.946
37031.833,0.016,-0.012,-1.042,4.670,-1.297,-1.007
37031.840,0.016,-0.013,-1.050,4.700,-1.282,-0.977
37031.847,0.019,-0.010,-1.054,4.593,-1.221,-0.885
37031.854,0.016,-0.012,-1.049,4.609,-1.373,-0.946
37031.861,0.017,-0.012,-1.044,4.502,-1.175,-0.977
37031.868,0.018,-0.014,-1.051,4.563,-1.343,-0.916
37031.876,0.019,-0.013,-1.044,4.624,-1.358,-0.992
37031.883,0.017,-0.015,-1.048,4.624,-1.312,-0.900
37031.890,0.020,-0.011,-1.048,4.517,-1.358,-0.977
37031.897,0.020,-0.017,-1.046,4.502,-1.267,-0.855
37031.904,0.021,-0.014,-1.042,4.639,-1.404,-0.916
37031.911,0.017,-0.011,-1.047,4.547,-1.206,-0.870
37031.919,0.019,-0.012,-1.047,4.578,-1.206,-0.870
37031.926,0.021,-0.010,-1.047,4.502,-1.251,-0.885
37031.933,0.019,-0.011,-1.055,4.609,-1.312,-0.870
37031.940,0.016,-0.013,-1.042,4.578,-1.145,-0.855
37031.947,0.021,-0.016,-1.043,4.502,-1.236,-0.900
37031.954,0.018,-0.011,-1.045,4.578,-1.389,-0.885
37031.962,0.013,-0.012,-1.051,4.700,-1.221,-0.961
37031.969,0.021,-0.014,-1.045,4.639,-1.206,-0.794
37031.976,0.019,-0.013,-1.048,4.547,-1.328,-1.007
37031.983,0.020,-0.010,-1.049,4.609,-1.251,-0.885
37031.990,0.021,-0.011,-1.047,4.563,-1.297,-0.946
37031.997,0.021,-0.013,-1.056,4.685,-1.175,-0.946
37032.005,0.020,-0.012,-1.044,4.532,-1.175,-0.931
37032.012,0.017,-0.018,-1.049,4.593,-1.328,-0.961
37032.075,0.016,-0.015,-1.051,4.486,-1.206,-0.961
37032.082,0.017,-0.014,-1.048,4.532,-1.206,-0.839
37032.089,0.019,-0.014,-1.054,4.654,-1.038,-0.992
37032.096,0.018,-0.012,-1.046,4.624,-1.236,-0.900
37032.103,0.021,-0.012,-1.052,4.502,-1.221,-0.870
37032.111,0.018,-0.013,-1.047,4.685,-1.190,-0.931
37032.118,0.020,-0.015,-1.050,4.547,-1.282,-0.839
37032.125,0.019,-0.011,-1.046,4.563,-1.267,-0.870
37032.132,0.017,-0.011,-1.050,4.624,-1.328,-0.977
37032.139,0.019,-0.017,-1.046,4.532,-1.404,-0.946
37032.147,0.017,-0.013,-1.046,4.563,-1.389,-0.992
37032.169,0.021,-0.011,-1.049,4.471,-1.190,-0.977
37032.176,0.020,-0.012,-1.045,4.563,-1.236,-0.900
37032.183,0.023,-0.012,-1.046,4.547,-1.312,-0.870
37032.191,0.020,-0.014,-1.051,4.547,-1.267,-0.794
37032.198,0.020,-0.013,-1.052,4.609,-1.282,-0.839
37032.205,0.018,-0.012,-1.053,4.578,-1.251,-0.916
37032.212,0.020,-0.010,-1.045,4.547,-1.236,-1.022
37032.219,0.016,-0.013,-1.049,4.563,-1.389,-0.870
37032.226,0.018,-0.015,-1.046,4.471,-1.312,-0.870
37032.234,0.019,-0.012,-1.043,4.593,-1.267,-0.931
37032.241,0.022,-0.011,-1.045,4.578,-1.297,-0.961
37032.248,0.022,-0.017,-1.056,4.563,-1.312,-0.900
37032.255,0.019,-0.017,-1.050,4.624,-1.404,-0.809
37032.263,0.018,-0.011,-1.050,4.685,-1.267,-0.900
37032.285,0.021,-0.012,-1.049,4.654,-1.282,-0.946
37032.293,0.015,-0.011,-1.049,4.654,-1.175,-0.885
37032.300,0.016,-0.014,-1.047,4.471,-1.236,-0.916
37032.307,0.020,-0.011,-1.051,4.395,-1.312,-0.870
37032.398,0.021,-0.012,-1.051,4.609,-1.358,-0.961
37032.405,0.017,-0.010,-1.044,4.578,-1.358,-0.931
37032.413,0.017,-0.012,-1.049,4.502,-1.175,-0.916
37032.420,0.018,-0.011,-1.042,4.654,-1.267,-0.992
37032.427,0.023,-0.012,-1.052,4.547,-1.312,-0.870
37032.434,0.021,-0.015,-1.042,4.547,-1.373,-0.809
37032.441,0.020,-0.012,-1.046,4.563,-1.312,-0.916
37032.449,0.021,-0.014,-1.046,4.563,-1.190,-0.900
37032.456,0.020,-0.012,-1.046,4.639,-1.328,-0.931
37032.463,0.019,-0.012,-1.052,4.563,-1.236,-0.992
37032.470,0.018,-0.016,-1.052,4.471,-1.190,-0.916
37032.478,0.016,-0.013,-1.049,4.609,-1.282,-0.931
37032.485,0.021,-0.014,-1.048,4.502,-1.236,-1.053
37032.492,0.019,-0.013,-1.050,4.670,-1.343,-0.885
37032.499,0.019,-0.013,-1.047,4.624,-1.419,-0.824
37032.506,0.018,-0.015,-1.042,4.578,-1.267,-0.855
37032.514,0.019,-0.013,-1.052,4.593,-1.328,-0.977
37032.521,0.022,-0.019,-1.043,4.578,-1.419,-0.961
37032.528,0.019,-0.010,-1.042,4.486,-1.282,-1.114
37032.535,0.017,-0.013,-1.050,4.639,-1.358,-1.007
37032.543,0.021,-0.012,-1.049,4.639,-1.190,-0.961
37032.550,0.020,-0.015,-1.050,4.685,-1.312,-1.007
37032.557,0.018,-0.014,-1.044,4.731,-1.206,-0.870
37032.564,0.021,-0.012,-1.050,4.502,-1.297,-0.809
37032.571,0.021,-0.014,-1.050,4.593,-1.221,-1.007
37032.579,0.016,-0.015,-1.047,4.547,-1.282,-0.916
37032.586,0.019,-0.016,-1.045,4.654,-1.282,-0.900
37032.593,0.021,-0.014,-1.050,4.547,-1.282,-0.961
37032.600,0.019,-0.016,-1.050,4.517,-1.297,-0.900
37032.607,0.020,-0.016,-1.050,4.547,-1.267,-0.885
37032.615,0.018,-0.012,-1.044,4.654,-1.282,-0.946
37032.622,0.020,-0.013,-1.048,4.517,-1.328,-0.961
37032.629,0.019,-0.012,-1.048,4.639,-1.236,-0.931
37032.636,0.018,-0.011,-1.043,4.639,-1.267,-0.916
37032.643,0.021,-0.010,-1.045,4.609,-1.221,-0.824
37032.651,0.020,-0.013,-1.049,4.624,-1.267,-0.992
37032.658,0.021,-0.013,-1.045,4.563,-1.267,-0.916
37032.665,0.018,-0.011,-1.049,4.547,-1.251,-0.977
37032.735,0.019,-0.015,-1.044,4.670,-1.251,-1.068
37032.743,0.021,-0.009,-1.045,4.578,-1.251,-1.038
37032.750,0.021,-0.012,-1.049,4.609,-1.297,-0.824
37032.757,0.021,-0.015,-1.046,4.700,-1.251,-0.977
37032.764,0.022,-0.013,-1.049,4.715,-1.236,-0.763
37032.771,0.021,-0.015,-1.045,4.654,-1.145,-0.900
37032.779,0.019,-0.015,-1.054,4.517,-1.282,-0.946
37032.786,0.015,-0.014,-1.045,4.624,-1.267,-0.900
37032.793,0.019,-0.011,-1.051,4.593,-1.267,-0.855
37032.800,0.021,-0.015,-1.049,4.639,-1.251,-0.885
37032.807,0.019,-0.013,-1.054,4.624,-1.190,-0.977
37032.815,0.019,-0.013,-1.049,4.654,-1.282,-0.931
37032.822,0.021,-0.014,-1.044,4.731,-1.190,-1.007
37032.829,0.015,-0.012,-1.047,4.609,-1.251,-0.931
37032.836,0.021,-0.009,-1.045,4.502,-1.358,-0.946
37032.843,0.019,-0.011,-1.047,4.700,-1.297,-0.916
37032.851,0.020,-0.010,-1.047,4.609,-1.328,-0.931
37032.858,0.018,-0.014,-1.048,4.502,-1.389,-0.946
37032.865,0.019,-0.013,-1.050,4.547,-1.267,-0.839
37032.872,0.021,-0.010,-1.044,4.532,-1.221,-0.824
37032.879,0.017,-0.013,-1.051,4.654,-1.129,-0.961
37032.887,0.019,-0.013,-1.043,4.578,-1.343,-0.961
37032.894,0.017,-0.017,-1.046,4.471,-1.221,-0.977
37032.901,0.020,-0.013,-1.049,4.563,-1.251,-0.885
37032.908,0.019,-0.012,-1.048,4.547,-1.129,-0.961
37032.985,0.020,-0.013,-1.047,4.532,-1.312,-0.916
37032.992,0.017,-0.017,-1.042,4.456,-1.297,-0.931
37032.999,0.015,-0.012,-1.043,4.670,-1.267,-0.900
37033.007,0.024,-0.012,-1.054,4.715,-1.236,-0.824
37033.014,0.021,-0.015,-1.047,4.502,-1.236,-0.870
37033.021,0.024,-0.018,-1.055,4.471,-1.267,-0.885
37033.028,0.023,-0.012,-1.051,4.639,-1.190,-1.068
37033.035,0.021,-0.009,-1.046,4.547,-1.190,-0.946
37033.043,0.018,-0.013,-1.042,4.517,-1.251,-0.839
37033.050,0.017,-0.012,-1.052,4.486,-1.282,-0.885
37033.057,0.015,-0.017,-1.055,4.517,-1.190,-1.083
37033.064,0.024,-0.015,-1.049,4.517,-1.251,-0.916
37033.071,0.018,-0.015,-1.044,4.609,-1.190,-1.038
37033.079,0.020,-0.014,-1.045,4.715,-1.282,-0.900
37033.086,0.020,-0.013,-1.053,4.547,-1.129,-0.916
37033.093,0.022,-0.013,-1.053,4.654,-1.297,-0.931
37033.100,0.022,-0.013,-1.042,4.532,-1.236,-0.946
37033.107,0.015,-0.013,-1.048,4.624,-1.251,-0.961
37033.115,0.019,-0.016,-1.045,4.517,-1.389,-0.977
37033.122,0.017,-0.014,-1.046,4.578,-1.373,-0.839
37033.129,0.020,-0.011,-1.052,4.670,-1.282,-0.900
37033.136,0.022,-0.013,-1.043,4.563,-1.282,-0.977
37033.144,0.017,-0.012,-1.048,4.532,-1.297,-0.977
37033.229,0.014,-0.011,-1.048,4.670,-1.343,-1.007
37033.236,0.018,-0.012,-1.047,4.563,-1.221,-0.977
37033.243,0.017,-0.019,-1.047,4.670,-1.236,-1.022
37033.251,0.025,-0.014,-1.047,4.624,-1.190,-0.916
37033.258,0.019,-0.010,-1.048,4.639,-1.236,-0.900
37033.280,0.017,-0.010,-1.051,4.639,-1.267,-0.977
37033.288,0.016,-0.009,-1.055,4.547,-1.267,-0.870
37033.295,0.020,-0.015,-1.053,4.593,-1.236,-0.824
37033.302,0.019,-0.016,-1.048,4.609,-1.282,-0.916
37033.309,0.017,-0.014,-1.045,4.486,-1.297,-0.885
37033.316,0.019,-0.013,-1.045,4.502,-1.282,-0.809
37033.324,0.021,-0.015,-1.048,4.517,-1.206,-0.870
37033.331,0.020,-0.012,-1.052,4.670,-1.267,-0.946
37033.338,0.023,-0.007,-1.049,4.609,-1.221,-0.900
37033.345,0.020,-0.008,-1.052,4.654,-1.206,-0.931
37033.352,0.017,-0.012,-1.055,4.532,-1.358,-0.900
37033.360,0.023,-0.011,-1.049,4.609,-1.190,-0.992
37033.367,0.021,-0.009,-1.049,4.425,-1.328,-0.961
37033.374,0.020,-0.010,-1.044,4.532,-1.389,-0.931
37033.381,0.026,-0.014,-1.049,4.563,-1.190,-0.977
37033.388,0.020,-0.014,-1.046,4.441,-1.297,-0.855
37033.395,0.019,-0.009,-1.046,4.563,-1.297,-0.946
37033.473,0.019,-0.014,-1.046,4.700,-1.297,-0.855
37033.480,0.016,-0.014,-1.045,4.654,-1.221,-0.961
37033.487,0.022,-0.013,-1.046,4.578,-1.129,-0.931
37033.495,0.017,-0.014,-1.042,4.609,-1.236,-0.916
37033.502,0.018,-0.016,-1.045,4.639,-1.221,-0.961
37033.509,0.019,-0.011,-1.048,4.502,-1.328,-1.099
37033.516,0.020,-0.017,-1.049,4.547,-1.267,-0.931
37033.523,0.020,-0.013,-1.047,4.639,-1.206,-0.870
37033.531,0.019,-0.016,-1.054,4.609,-1.236,-0.855
37033.538,0.022,-0.014,-1.043,4.715,-1.343,-0.961
37033.545,0.020,-0.009,-1.048,4.532,-1.190,-0.916
37033.552,0.016,-0.011,-1.042,4.593,-1.190,-0.946
37033.559,0.019,-0.016,-1.046,4.639,-1.251,-0.900
37033.567,0.016,-0.015,-1.045,4.410,-1.343,-0.870
37033.574,0.018,-0.009,-1.044,4.593,-1.297,-0.870
37033.581,0.013,-0.018,-1.043,4.563,-1.282,-1.007
37033.588,0.019,-0.013,-1.047,4.563,-1.190,-0.855
37033.595,0.018,-0.013,-1.048,4.502,-1.328,-0.916
37033.603,0.021,-0.014,-1.043,4.639,-1.282,-0.977
37033.610,0.021,-0.014,-1.044,4.578,-1.358,-1.007
37033.617,0.019,-0.016,-1.049,4.639,-1.206,-0.946
37033.701,0.018,-0.015,-1.037,4.563,-1.236,-0.992
37033.708,0.019,-0.013,-1.042,4.609,-1.282,-0.778
37033.715,0.017,-0.010,-1.049,4.425,-1.282,-0.870
37033.723,0.021,-0.011,-1.049,4.517,-1.297,-0.794
37033.730,0.018,-0.010,-1.049,4.609,-1.282,-0.839
37033.737,0.015,-0.013,-1.051,4.547,-1.297,-0.931
37033.744,0.021,-0.013,-1.048,4.639,-1.236,-0.916
37033.751,0.022,-0.016,-1.045,4.624,-1.358,-0.946
37033.759,0.018,-0.014,-1.053,4.441,-1.267,-0.916
37033.766,0.016,-0.014,-1.043,4.624,-1.206,-0.839
37033.773,0.019,-0.010,-1.047,4.776,-1.297,-0.900
37033.780,0.017,-0.011,-1.050,4.517,-1.221,-0.900
37033.787,0.020,-0.010,-1.049,4.624,-1.282,-0.992
37033.794,0.016,-0.012,-1.053,4.639,-1.282,-0.931
37033.802,0.019,-0.010,-1.051,4.685,-1.267,-0.824
37033.809,0.021,-0.013,-1.049,4.486,-1.236,-0.885
37033.914,0.020,-0.012,-1.050,4.563,-1.358,-0.855
37033.921,0.018,-0.014,-1.042,4.578,-1.312,-0.885
37033.928,0.015,-0.015,-1.045,4.578,-1.389,-0.824
37033.935,0.017,-0.013,-1.053,4.639,-1.297,-0.961
37033.943,0.021,-0.013,-1.044,4.578,-1.251,-0.946
37033.950,0.022,-0.011,-1.056,4.593,-1.267,-0.931
37033.957,0.021,-0.013,-1.041,4.609,-1.236,-0.778
37033.964,0.018,-0.013,-1.045,4.532,-1.129,-0.855
37033.971,0.016,-0.010,-1.051,4.547,-1.267,-0.916
37033.978,0.020,-0.017,-1.052,4.700,-1.328,-0.931
37033.986,0.016,-0.015,-1.044,4.471,-1.328,-0.839
37033.993,0.021,-0.015,-1.049,4.731,-1.236,-1.038
37034.000,0.021,-0.014,-1.055,4.593,-1.343,-1.007
37034.007,0.016,-0.013,-1.045,4.517,-1.328,-0.855
37034.014,0.020,-0.014,-1.051,4.517,-1.267,-0.977
37034.022,0.023,-0.015,-1.051,4.563,-1.221,-0.946
37034.127,0.021,-0.015,-1.048,4.609,-1.221,-0.961
37034.134,0.023,-0.012,-1.041,4.547,-1.267,-0.885
37034.141,0.017,-0.011,-1.048,4.532,-1.419,-0.961
37034.164,0.017,-0.014,-1.049,4.563,-1.389,-0.839
37034.171,0.018,-0.013,-1.045,4.578,-1.343,-0.900
37034.178,0.019,-0.014,-1.050,4.563,-1.206,-0.870
37034.185,0.021,-0.013,-1.052,4.502,-1.312,-0.931
37034.192,0.018,-0.014,-1.047,4.624,-1.190,-0.931
37034.200,0.018,-0.014,-1.046,4.670,-1.190,-0.977
37034.207,0.017,-0.012,-1.052,4.593,-1.282,-0.900
37034.214,0.015,-0.014,-1.042,4.563,-1.434,-0.931
37034.221,0.014,-0.010,-1.042,4.609,-1.297,-1.038
37034.229,0.019,-0.012,-1.051,4.593,-1.251,-0.961
37034.236,0.019,-0.011,-1.045,4.639,-1.206,-0.916
37034.243,0.020,-0.012,-1.048,4.578,-1.312,-0.977
37034.250,0.014,-0.013,-1.048,4.593,-1.267,-0.916
37034.258,0.019,-0.014,-1.048,4.563,-1.312,-0.961
37034.392,0.022,-0.013,-1.045,4.563,-1.312,-0.885
37034.399,0.022,-0.010,-1.044,4.563,-1.343,-0.931
37034.406,0.019,-0.013,-1.042,4.517,-1.312,-0.824
37034.413,0.018,-0.012,-1.043,4.639,-1.343,-0.839
37034.421,0.021,-0.011,-1.052,4.563,-1.221,-0.961
37034.428,0.019,-0.009,-1.045,4.578,-1.251,-0.885
37034.435,0.020,-0.014,-1.045,4.624,-1.206,-0.946
37034.442,0.021,-0.011,-1.047,4.593,-1.221,-0.885
37034.449,0.021,-0.013,-1.043,4.578,-1.206,-0.839
37034.457,0.021,-0.013,-1.044,4.670,-1.419,-0.900
37034.464,0.016,-0.014,-1.047,4.715,-1.206,-0.961
37034.471,0.019,-0.014,-1.052,4.578,-1.312,-0.824
37034.478,0.020,-0.015,-1.049,4.563,-1.267,-1.129
37034.485,0.021,-0.012,-1.051,4.654,-1.343,-0.961
37034.682,0.023,-0.014,-1.042,4.624,-1.282,-0.839
37034.689,0.017,-0.018,-1.051,4.502,-1.160,-0.870
37034.696,0.024,-0.014,-1.044,4.624,-1.328,-0.809
37034.703,0.024,-0.014,-1.042,4.563,-1.297,-0.839
37034.710,0.016,-0.014,-1.047,4.425,-1.206,-0.824
37034.718,0.021,-0.018,-1.043,4.654,-1.312,-0.931
37034.725,0.020,-0.012,-1.049,4.578,-1.267,-0.931
37034.732,0.019,-0.011,-1.046,4.471,-1.221,-0.870
37034.739,0.020,-0.013,-1.047,4.593,-1.236,-0.931
37034.746,0.021,-0.011,-1.049,4.563,-1.221,-0.870
37034.753,0.019,-0.009,-1.052,4.517,-1.251,-0.946
37034.761,0.022,-0.013,-1.051,4.517,-1.267,-0.855
37034.768,0.019,-0.012,-1.048,4.502,-1.251,-0.717
37034.880,0.019,-0.015,-1.050,4.670,-1.251,-0.992
37034.887,0.018,-0.013,-1.048,4.670,-1.160,-0.977
37034.894,0.021,-0.016,-1.050,4.639,-1.236,-0.946
37034.901,0.022,-0.014,-1.051,4.609,-1.312,-0.961
37034.908,0.022,-0.011,-1.043,4.654,-1.297,-0.885
37034.915,0.019,-0.012,-1.045,4.425,-1.206,-0.961
37034.923,0.018,-0.014,-1.049,4.563,-1.190,-1.038
37034.930,0.023,-0.013,-1.052,4.547,-1.114,-0.885
37034.937,0.020,-0.013,-1.042,4.593,-1.206,-0.977
37034.944,0.019,-0.012,-1.043,4.593,-1.114,-0.839
37034.951,0.021,-0.013,-1.044,4.700,-1.328,-0.946
37034.958,0.017,-0.018,-1.043,4.654,-1.312,-0.931
37034.965,0.018,-0.011,-1.049,4.563,-1.236,-0.916
37034.973,0.018,-0.014,-1.046,4.456,-1.373,-0.900
37035.063,0.019,-0.018,-1.053,4.563,-1.114,-0.809
37035.071,0.017,-0.011,-1.043,4.563,-1.190,-0.992
37035.078,0.016,-0.012,-1.045,4.578,-1.175,-0.885
37035.085,0.019,-0.011,-1.044,4.624,-1.312,-0.916
37035.092,0.019,-0.013,-1.052,4.609,-1.251,-1.038
37035.100,0.016,-0.012,-1.050,4.639,-1.282,-0.946
37035.107,0.020,-0.017,-1.045,4.700,-1.175,-0.992
37035.114,0.020,-0.015,-1.048,4.578,-1.267,-1.038
37035.121,0.019,-0.012,-1.046,4.670,-1.251,-0.977
37035.128,0.019,-0.014,-1.047,4.746,-1.236,-0.885
37035.135,0.019,-0.014,-1.049,4.486,-1.297,-0.900
37035.143,0.021,-0.015,-1.048,4.532,-1.145,-0.946
37035.165,0.019,-0.013,-1.053,4.639,-1.297,-0.931
37035.173,0.020,-0.014,-1.050,4.731,-1.343,-0.961
37035.180,0.020,-0.013,-1.043,4.563,-1.282,-0.916
37035.187,0.019,-0.013,-1.043,4.700,-1.251,-0.885
37035.194,0.020,-0.014,-1.044,4.685,-1.206,-1.007
37035.201,0.017,-0.011,-1.044,4.609,-1.358,-1.053
37035.209,0.016,-0.014,-1.045,4.654,-1.297,-0.855
37035.294,0.023,-0.012,-1.052,4.670,-1.206,-0.961
37035.301,0.018,-0.013,-1.051,4.654,-1.236,-0.977
37035.308,0.015,-0.016,-1.048,4.685,-1.190,-0.992
37035.316,0.021,-0.013,-1.047,4.456,-1.297,-0.931
37035.323,0.021,-0.012,-1.044,4.654,-1.267,-0.931
37035.330,0.019,-0.013,-1.042,4.517,-1.190,-1.053
37035.337,0.021,-0.014,-1.047,4.624,-1.358,-0.763
37035.345,0.016,-0.010,-1.049,4.578,-1.190,-0.855
37035.352,0.018,-0.015,-1.048,4.547,-1.297,-0.900
37035.359,0.021,-0.012,-1.053,4.624,-1.343,-0.961
37035.366,0.021,-0.015,-1.046,4.517,-1.389,-0.916
37035.374,0.018,-0.013,-1.047,4.563,-1.282,-1.053
37035.381,0.019,-0.011,-1.052,4.563,-1.206,-0.946
37035.388,0.020,-0.014,-1.050,4.578,-1.312,-0.885
37035.395,0.019,-0.016,-1.044,4.593,-1.282,-0.900
37035.402,0.016,-0.011,-1.056,4.639,-1.297,-0.855
37035.410,0.020,-0.015,-1.047,4.532,-1.312,-0.855
37035.417,0.016,-0.013,-1.046,4.547,-1.175,-0.977
37035.501,0.020,-0.014,-1.047,4.578,-1.175,-0.931
37035.508,0.019,-0.013,-1.044,4.639,-1.175,-0.916
37035.516,0.020,-0.014,-1.050,4.486,-1.206,-0.778
37035.523,0.017,-0.014,-1.049,4.517,-1.206,-0.900
37035.530,0.018,-0.011,-1.047,4.563,-1.175,-0.855
37035.537,0.020,-0.010,-1.046,4.578,-1.328,-0.977
37035.544,0.020,-0.011,-1.053,4.547,-1.206,-0.839
37035.552,0.019,-0.014,-1.051,4.486,-1.267,-0.946
37035.559,0.020,-0.011,-1.046,4.593,-1.358,-0.946
37035.566,0.017,-0.016,-1.047,4.578,-1.206,-0.946
37035.573,0.017,-0.014,-1.049,4.456,-1.190,-0.839
37035.580,0.016,-0.019,-1.046,4.609,-1.251,-0.824
37035.588,0.017,-0.010,-1.051,4.654,-1.251,-0.794
37035.595,0.020,-0.017,-1.049,4.670,-1.206,-1.068
37035.602,0.019,-0.013,-1.053,4.624,-1.175,-0.855
37035.609,0.020,-0.016,-1.041,4.609,-1.221,-0.992
37035.617,0.022,-0.014,-1.044,4.654,-1.297,-0.885
37035.701,0.018,-0.014,-1.051,4.731,-1.267,-0.992
37035.708,0.016,-0.016,-1.047,4.532,-1.282,-0.855
37035.715,0.020,-0.013,-1.046,4.654,-1.358,-0.839
37035.722,0.021,-0.014,-1.049,4.486,-1.297,-0.824
37035.729,0.019,-0.012,-1.046,4.486,-1.312,-0.870
37035.737,0.021,-0.010,-1.051,4.547,-1.251,-1.053
37035.744,0.024,-0.015,-1.043,4.593,-1.373,-0.870
37035.751,0.020,-0.015,-1.043,4.532,-1.236,-0.855
37035.758,0.024,-0.008,-1.049,4.486,-1.282,-0.824
37035.765,0.023,-0.010,-1.045,4.609,-1.221,-0.977
37035.772,0.019,-0.011,-1.046,4.486,-1.328,-1.022
37035.780,0.021,-0.014,-1.046,4.563,-1.251,-0.900
37035.787,0.024,-0.012,-1.050,4.639,-1.022,-0.946
37035.794,0.020,-0.015,-1.048,4.654,-1.099,-0.855
37035.801,0.015,-0.015,-1.047,4.609,-1.206,-1.007
37035.809,0.021,-0.014,-1.049,4.593,-1.145,-0.961
37035.914,0.021,-0.015,-1.042,4.532,-1.175,-0.916
37035.921,0.018,-0.012,-1.046,4.609,-1.312,-0.839
37035.928,0.020,-0.012,-1.043,4.502,-1.267,-1.038
37035.935,0.018,-0.011,-1.050,4.578,-1.297,-1.038
37035.942,0.020,-0.011,-1.046,4.547,-1.267,-0.931
37035.950,0.018,-0.014,-1.048,4.639,-1.328,-0.916
37035.957,0.023,-0.016,-1.048,4.609,-1.190,-1.038
37035.964,0.018,-0.013,-1.044,4.578,-1.221,-1.068
37035.971,0.023,-0.013,-1.044,4.639,-1.328,-0.961
37035.979,0.021,-0.014,-1.044,4.532,-1.251,-0.839
37035.986,0.018,-0.012,-1.047,4.670,-1.145,-0.885
37035.993,0.017,-0.010,-1.047,4.593,-1.389,-0.885
37036.000,0.021,-0.011,-1.051,4.715,-1.236,-0.778
37036.007,0.017,-0.013,-1.047,4.578,-1.328,-0.992
37036.014,0.019,-0.016,-1.053,4.654,-1.236,-0.977
37036.022,0.019,-0.010,-1.050,4.502,-1.267,-0.794
37036.029,0.018,-0.011,-1.048,4.517,-1.251,-0.916
37036.036,0.021,-0.014,-1.044,4.654,-1.221,-0.946
37036.128,0.019,-0.014,-1.047,4.609,-1.312,-0.946
37036.135,0.016,-0.014,-1.056,4.715,-1.282,-0.824
37036.143,0.018,-0.013,-1.043,4.685,-1.206,-1.114
37036.165,0.021,-0.015,-1.050,4.654,-1.221,-0.855
37036.172,0.021,-0.014,-1.047,4.563,-1.267,-0.794
37036.179,0.020,-0.013,-1.049,4.517,-1.389,-0.961
37036.187,0.020,-0.011,-1.049,4.609,-1.267,-0.885
37036.194,0.022,-0.011,-1.051,4.547,-1.221,-0.839
37036.201,0.021,-0.011,-1.049,4.502,-1.373,-0.794
37036.208,0.016,-0.012,-1.046,4.547,-1.297,-1.038
37036.215,0.015,-0.013,-1.050,4.624,-1.175,-0.885
37036.223,0.018,-0.012,-1.045,4.685,-1.251,-0.916
37036.230,0.023,-0.015,-1.051,4.639,-1.282,-1.038
37036.237,0.022,-0.016,-1.046,4.685,-1.251,-0.809
37036.244,0.021,-0.012,-1.047,4.593,-1.267,-0.839
37036.251,0.018,-0.012,-1.049,4.547,-1.297,-0.916
37036.259,0.019,-0.015,-1.048,4.685,-1.328,-0.809
37036.281,0.021,-0.011,-1.043,4.609,-1.206,-0.961
37036.289,0.021,-0.015,-1.045,4.578,-1.312,-0.778
37036.296,0.021,-0.010,-1.050,4.685,-1.267,-0.931
37036.303,0.021,-0.014,-1.049,4.578,-1.282,-0.946
37036.310,0.019,-0.012,-1.046,4.471,-1.129,-0.931
37036.317,0.016,-0.012,-1.051,4.578,-1.251,-0.870
37036.402,0.019,-0.009,-1.048,4.547,-1.373,-0.885
37036.409,0.020,-0.015,-1.049,4.654,-1.312,-0.916
37036.416,0.020,-0.010,-1.048,4.670,-1.236,-0.870
37036.423,0.018,-0.011,-1.047,4.532,-1.190,-0.931
37036.431,0.018,-0.015,-1.049,4.563,-1.343,-0.916
37036.438,0.018,-0.016,-1.047,4.639,-1.206,-0.855
37036.445,0.017,-0.015,-1.040,4.593,-1.190,-1.007
37036.452,0.016,-0.012,-1.050,4.486,-1.251,-0.763
37036.459,0.021,-0.015,-1.047,4.624,-1.358,-0.946
37036.467,0.020,-0.015,-1.051,4.593,-1.175,-0.916
37036.474,0.019,-0.009,-1.049,4.532,-1.282,-1.083
37036.481,0.019,-0.011,-1.046,4.578,-1.160,-0.977
37036.488,0.018,-0.012,-1.046,4.609,-1.251,-0.839
37036.495,0.021,-0.014,-1.053,4.578,-1.267,-0.885
37036.503,0.022,-0.013,-1.055,4.624,-1.221,-0.977
37036.510,0.026,-0.015,-1.048,4.609,-1.190,-0.885
37036.517,0.022,-0.016,-1.047,4.593,-1.221,-0.916
37036.524,0.019,-0.009,-1.048,4.609,-1.251,-1.038
37036.602,0.020,-0.015,-1.046,4.654,-1.297,-0.931
37036.609,0.022,-0.016,-1.044,4.685,-1.160,-1.007
37036.616,0.020,-0.009,-1.050,4.731,-1.236,-0.992
37036.624,0.019,-0.014,-1.052,4.715,-1.206,-0.855
37036.631,0.022,-0.013,-1.056,4.578,-1.343,-0.977
37036.638,0.016,-0.012,-1.048,4.578,-1.312,-0.885
37036.645,0.021,-0.015,-1.052,4.380,-1.328,-0.946
37036.652,0.021,-0.015,-1.046,4.502,-1.328,-0.961
37036.660,0.015,-0.011,-1.043,4.624,-1.129,-0.946
37036.667,0.019,-0.007,-1.044,4.547,-1.297,-0.748
37036.674,0.020,-0.017,-1.046,4.685,-1.373,-0.961
37036.681,0.019,-0.014,-1.050,4.670,-1.328,-0.977
37036.689,0.016,-0.009,-1.046,4.685,-1.236,-0.992
37036.696,0.019,-0.011,-1.051,4.609,-1.328,-0.931
37036.703,0.018,-0.010,-1.052,4.578,-1.267,-0.992
37036.710,0.018,-0.016,-1.042,4.578,-1.419,-0.977
37036.717,0.016,-0.012,-1.044,4.563,-1.389,-0.961
37036.724,0.022,-0.014,-1.045,4.578,-1.190,-0.992
37036.732,0.015,-0.012,-1.048,4.532,-1.358,-0.961
37036.739,0.020,-0.015,-1.046,4.715,-1.373,-1.022
37036.746,0.022,-0.012,-1.046,4.624,-1.160,-1.053
37036.851,0.015,-0.015,-1.051,4.593,-1.267,-0.992
37036.859,0.019,-0.013,-1.050,4.654,-1.236,-0.855
37036.866,0.017,-0.017,-1.044,4.486,-1.450,-0.794
37036.873,0.018,-0.012,-1.043,4.578,-1.282,-0.855
37036.880,0.014,-0.013,-1.047,4.563,-1.129,-0.946
37036.887,0.019,-0.009,-1.042,4.563,-1.251,-0.870
37036.895,0.022,-0.016,-1.048,4.609,-1.267,-0.916
37036.902,0.019,-0.013,-1.042,4.563,-1.267,-0.855
37036.909,0.020,-0.015,-1.047,4.547,-1.175,-0.931
37036.916,0.017,-0.015,-1.049,4.624,-1.389,-0.809
37036.923,0.020,-0.014,-1.050,4.578,-1.282,-1.007
37036.931,0.015,-0.013,-1.046,4.486,-1.236,-0.916
37036.938,0.020,-0.012,-1.047,4.547,-1.267,-0.855
37036.945,0.022,-0.014,-1.044,4.517,-1.175,-0.855
37036.952,0.018,-0.015,-1.043,4.578,-1.373,-0.839
37036.959,0.022,-0.014,-1.055,4.609,-1.328,-1.038
37036.967,0.020,-0.013,-1.044,4.517,-1.206,-0.961
37036.974,0.016,-0.011,-1.044,4.425,-1.267,-0.977
37037.065,0.018,-0.014,-1.041,4.563,-1.145,-0.900
37037.072,0.023,-0.018,-1.050,4.563,-1.267,-1.007
37037.079,0.021,-0.015,-1.048,4.670,-1.206,-0.961
37037.086,0.022,-0.010,-1.043,4.578,-1.160,-0.946
37037.094,0.018,-0.008,-1.045,4.593,-1.175,-0.992
37037.101,0.020,-0.014,-1.050,4.715,-1.236,-0.885
37037.108,0.018,-0.017,-1.042,4.654,-1.251,-0.931
37037.115,0.022,-0.019,-1.047,4.624,-1.129,-0.870
37037.123,0.022,-0.014,-1.052,4.700,-1.221,-0.839
37037.130,0.019,-0.011,-1.044,4.715,-1.251,-1.007
37037.137,0.021,-0.015,-1.053,4.547,-1.297,-0.992
37037.145,0.017,-0.015,-1.047,4.639,-1.312,-0.855
37037.167,0.019,-0.015,-1.050,4.609,-1.160,-0.900
37037.174,0.021,-0.015,-1.043,4.654,-1.312,-0.992
37037.181,0.018,-0.015,-1.051,4.639,-1.251,-0.992
37037.189,0.018,-0.012,-1.044,4.609,-1.190,-0.885
37037.196,0.021,-0.014,-1.047,4.593,-1.236,-0.809
37037.203,0.020,-0.013,-1.044,4.731,-1.251,-0.839
37037.210,0.018,-0.009,-1.047,4.578,-1.251,-0.885
37037.218,0.018,-0.014,-1.043,4.410,-1.312,-0.870
37037.225,0.019,-0.016,-1.050,4.685,-1.190,-0.946
37037.232,0.020,-0.014,-1.053,4.639,-1.328,-1.145
37037.239,0.020,-0.014,-1.044,4.639,-1.145,-0.885
37037.247,0.018,-0.011,-1.051,4.715,-1.312,-1.007
37037.332,0.021,-0.009,-1.043,4.578,-1.221,-0.946
37037.340,0.023,-0.012,-1.050,4.456,-1.236,-0.992
37037.347,0.020,-0.012,-1.045,4.654,-1.267,-0.992
37037.354,0.020,-0.013,-1.043,4.639,-1.297,-1.053
37037.361,0.018,-0.013,-1.046,4.654,-1.236,-1.022
37037.368,0.019,-0.011,-1.045,4.609,-1.282,-0.855
37037.376,0.017,-0.016,-1.049,4.486,-1.297,-0.977
